장소유형코드,대상시설명,시도명,시군구명,시군구코드,소재지도로명주소,소재지지번주소,위도,경도,제한속도,관리기관명,관리기관전화번호,관할경찰서명,CCTV설치여부,CCTV설치대수,보호구역도로폭,데이터기준일자
01,동부노인복지회관,경기도,남양주시,41360,경기도 남양주시 수동면 비룡로 801-47,경기도 남양주시 수동면 운수리 361번지,37.710005,127.320459,30,남양주시청,031-590-2438,남양주경찰서,Y,2,6,2020-01-29
01,팔야1리 경로당,경기도,남양주시,41360,경기도 남양주시 진접읍 팔야로 130,경기도 남양주시 진접읍 팔야리 330-2번지,37.749959,127.222674,30,남양주시청,031-590-2438,남양주경찰서,Y,1,10,2020-01-29
02,신망애재활원,경기도,남양주시,41360,경기도 남양주시 수동면 비룡로972번길 17,경기도 남양주시 수동면 입석리 522-2번지,37.721139,127.315243,30,남양주시청,031-590-2438,남양주경찰서,N,0,4,2020-01-29
02,호세아동산,경기도,남양주시,41360,경기도 남양주시 수동면 소래비로 470-19,경기도 남양주시 수동면 송천리 452-1번지,37.687712,127.327462,30,남양주시청,031-590-2438,남양주경찰서,N,0,8,2020-01-29
01,동패1통 경로당,경기도,파주시,41480,경기도 파주시 교하로 456,경기도 파주시 동패동 1345번지,37.70514443,126.7284421,30,경기도 파주시,031-940-5822,파주경찰서,N,,10,2020-03-23
01,우양의집,경기도,파주시,41480,경기도 파주시 하지석길 267-74,경기도 파주시 하지석동 267번지,37.761054,126.7508805,30,경기도 파주시,031-940-5823,파주경찰서,N,,4,2020-03-23
01,하지석리 경로당,경기도,파주시,41480,경기도 파주시 하지석길 263,경기도 파주시 하지석동 229-8번지,37.75987344,126.7481972,30,경기도 파주시,031-940-5821,파주경찰서,N,,5,2020-03-23
01,장산1리 경로당,경기도,파주시,41480,경기도 파주시 문산읍 장산로 200,경기도 파주시 문산읍 장산리 323-13번지,37.89998945,126.7766956,30,경기도 파주시,031-940-5825,파주경찰서,Y,1,7,2020-03-23
01,가야3리 경로당,경기도,파주시,41480,경기도 파주시 법원읍 자운서원로9번길 21,경기도 파주시 법원읍 가야리 54-64번지,37.8505269,126.8693536,30,경기도 파주시,031-940-5827,파주경찰서,N,,10,2020-03-23
01,파주5리 경로당,경기도,파주시,41480,경기도 파주시 파주읍 우계로 86-8,경기도 파주시 파주읍 파주리 418-3번지,37.8342147,126.817532,30,경기도 파주시,031-940-5828,파주경찰서,Y,1,8,2020-03-23
01,봉암1리 경로당,경기도,파주시,41480,경기도 파주시 파주읍 주라위1길 10,경기도 파주시 파주읍 봉암리 509-3번지,37.8160523,126.7960055,30,경기도 파주시,031-940-5829,파주경찰서,Y,1,8,2020-03-23
01,오금1리 경로당,경기도,파주시,41480,경기도 파주시 탄현면 오금로134번길 3,경기도 파주시 탄현면 오금리 404-5번지,37.8247332,126.707825,30,경기도 파주시,031-940-5830,파주경찰서,N,,5~7,2020-03-23
01,가월리 경로당,경기도,파주시,41480,경기도 파주시 적성면 달빛길 81,경기도 파주시 적성면 가월리 116-4번지,37.97780751,126.9165754,30,경기도 파주시,031-940-5831,파주경찰서,N,,7,2020-03-23
01,구읍1리 경로당,경기도,파주시,41480,경기도 파주시 적성면 구읍로 108,경기도 파주시 적성면 구읍리 281-8번지,37.97521922,126.932154,30,경기도 파주시,031-940-5832,파주경찰서,N,,10,2020-03-23
01,문발1동 경로당,경기도,파주시,41480,경기도 파주시 교하로863번길 34,경기도 파주시 문발동 82번지,37.72554539,126.701341,30,경기도 파주시,031-940-5833,파주경찰서,N,,10,2020-03-23
01,남양주시 보훈요양원,경기도,남양주시,41360,경기도 남양주시 덕송2로 71,경기도 남양주시 별내동 819번지,37.669121,127.117706,30,남양주시청,031-590-2438,남양주경찰서,Y,1,35,2020-01-29
01,갈현1리 경로당,경기도,파주시,41480,경기도 파주시 탄현면 평화로 589,경기도 파주시 탄현면 갈현리 322-40번지,37.773321,126.7193173,30,경기도 파주시,031-940-5794,파주경찰서,Y,1,8~20,2020-03-23
01,검전리 경로당,경기도,파주시,41480,경기도 파주시 광탄면 혜음로 1444,경기도 파주시 광탄면 방축리 351-6번지,37.80940442,126.8493073,30,경기도 파주시,031-940-5795,파주경찰서,N,,8,2020-03-23
01,금곡2리 경로당,경기도,파주시,41480,경기도 파주시 법원읍 술이홀로 1319,경기도 파주시 법원읍 금곡리 336-21번지,37.8851285,126.877789,30,경기도 파주시,031-940-5796,파주경찰서,N,,8,2020-03-23
01,도내3리 경로당,경기도,파주시,41480,경기도 파주시 월롱면 정문로 478,경기도 파주시 월롱면 도내리 438-4번지,37.7990145,126.8183001,30,경기도 파주시,031-940-5797,파주경찰서,N,,10,2020-03-23
01,율곡4리 경로당,경기도,파주시,41480,경기도 파주시 파평면 장승배기로 184,경기도 파주시 파평면 율곡리 279-3번지,37.881217,126.815033,30,경기도 파주시,031-940-5798,파주경찰서,N,,8,2020-03-23
01,영장1리 경로당,경기도,파주시,41480,경기도 파주시 광탄면 기산로 94,경기도 파주시 광탄면 영장리 244-9번지,37.77551338,126.908473,30,경기도 파주시,031-940-5799,파주경찰서,N,,8,2020-03-23
01,대동리 경로당,경기도,파주시,41480,경기도 파주시 탄현면 새오리로 325,경기도 파주시 탄현면 대동리 716번지,37.8111093,126.690174,30,경기도 파주시,031-940-5801,파주경찰서,N,,8,2020-03-23
01,시립노인병원,경기도,부천시,41190,경기도 부천시 까치로 26,경기도 부천시 작동 405번지,37.509180,126.808382,30,부천시,032-713-7300,원미경찰서,Y,,12,2019-03-08
01,오정노인복지회관,경기도,부천시,41190,경기도 부천시 성오로 172,경기도 부천시 오정동 129번지,37.528346,126.796028,30,부천시,032-683-9290,오정경찰서,Y,,10,2019-03-08
02,부천시시각장애인협회,경기도,부천시,41190,경기도 부천시 옥산로10번길 4,경기도 부천시 중동 1118번지,37.494497,126.780490,30,부천시,032-667-6631,원미경찰서,Y,,08,2019-03-08
01,원미노인복지회관,경기도,부천시,41190,경기도 부천시 부천로136번길 27,경기도 부천시 원미동 71번지,37.496731,126.787511,30,부천시,032-667-0261,원미경찰서,Y,,06,2019-03-08
01,부천삼광전문요양원,경기도,부천시,41190,경기도 부천시 석천로 81,경기도 부천시 상동 416-3번지,37.494680,126.760822,30,부천시,032-327-4491,원미경찰서,Y,,15,2019-03-08
02,부천혜림원,경기도,부천시,41190,경기도 부천시 경인로304번길 26,경기도 부천시 심곡본동 523-99번지,37.480757,126.788515,30,부천시,032-666-7990,소사경찰서,Y,,06,2019-03-08
01,소사노인복지회관,경기도,부천시,41190,경기도 부천시 경인옛로 73,경기도 부천시 소사본동 64번지,37.480045,126.799946,30,부천시,032-347-9534,소사경찰서,Y,,12,2019-03-08
01,남부노인복지관,경기도,화성시,41590,경기도 화성시 향남읍 발안로 73,경기도 화성시 향남읍 평리 63-18번지,37.13283237,126.9184888,30,경기도 화성시,031-5189-3139,화성서부경찰서,N,,8,2020-06-01
01,나래울 노인복지관,경기도,화성시,41590,경기도 화성시 여울로2길 33,경기도 화성시 능동 1130번지,37.20510714,127.0515565,30,경기도 화성시,031-5189-3139,화성서부경찰서,N,,22,2020-06-01
01,천천2리 경로당,경기도,화성시,41590,경기도 화성시 매송면 화성로2545번길 7,경기도 화성시 매송면 천천리 344-10번지,37.2449367,126.9428774,30,경기도 화성시,031-5189-3139,화성서부경찰서,Y,,5,2020-06-01
01,여주시 노인복지회관,경기도,여주시,41670,경기도 여주시 여흥로160번길 27,경기도 여주시 상동 352번지,37.2934939,127.6401989,30,경기도 여주시,031-887-2368,여주경찰서,N,0,6,2019-03-29
01,노하3리 경로당,경기도,화성시,41590,경기도 화성시 팔탄면 노하길 236,경기도 화성시 팔탄면 노하리 산133-2번지,37.15911153,126.8580501,30,경기도 화성시,031-5189-3139,화성서부경찰서,Y,,6,2020-06-01
01,북양리 묘희원,경기도,화성시,41590,경기도 화성시 남양읍 현대기아로 649,경기도 화성시 남양읍 북양리 616-2번지,37.2057716,126.854131,30,경기도 화성시,031-5189-3139,화성서부경찰서,Y,,12,2020-06-01
01,송산면 용포2리 경로당,경기도,화성시,41590,경기도 화성시 송산면 송산동로 233,경기도 화성시 송산면 용포리 505-2번지,37.23174163,126.7451465,30,경기도 화성시,031-5189-3139,화성서부경찰서,Y,,8~10,2020-06-01
01,매송면 원평리 경로당,경기도,화성시,41590,경기도 화성시 매송면 매봉로 105,경기도 화성시 매송면 원평리 455번지,37.24040379,126.9260438,30,경기도 화성시,031-5189-3139,화성서부경찰서,Y,,12,2020-06-01
01,향남읍 요리 경로당,경기도,화성시,41590,경기도 화성시 향남읍 토성로 464,경기도 화성시 향남읍 요리 353-2번지,37.10908731,126.9671844,30,경기도 화성시,031-5189-3139,화성서부경찰서,Y,,12,2020-06-01
01,비봉면 남전2리 경로당,경기도,화성시,41590,경기도 화성시 비봉면 남이로 135,경기도 화성시 비봉면 남전리 398-1번지,37.24479276,126.8321331,30,경기도 화성시,031-5189-3139,화성서부경찰서,N,,8,2020-06-01
01,마도면 청원1리 경로당,경기도,화성시,41590,경기도 화성시 마도면 해운로 770-2,경기도 화성시 마도면 청원리 296번지,37.18580112,126.7594812,30,경기도 화성시,031-5189-3139,화성서부경찰서,Y,,8,2020-06-01
01,당북경로당,경기도,안성시,41550,경기도 안성시 죽산면 용설로 236,경기도 안성시 죽산면 용설리 600-3번지,37.0625959,127.444158,30,경기도 안성시,031-678-2813,안성경찰서,N,,,2019-03-31
01,혜성원,경기도,안성시,41550,경기도 안성시 양성면 양성로 581,경기도 안성시 양성면 장서리 337번지,37.1045608,127.210874,30,경기도 안성시,031-678-2813,안성경찰서,N,,,2019-03-31
01,서신면 홍법리 경로당,경기도,화성시,41590,경기도 화성시 서신면 해운로 415,경기도 화성시 서신면 홍법리 643번지,37.16494028,126.7336757,30,경기도 화성시,031-5189-3139,화성서부경찰서,Y,,9,2020-06-01
01,양감면 송산1리 경로당,경기도,화성시,41590,경기도 화성시 양감면 정문송산로 148,경기도 화성시 양감면 송산리 713번지,37.10555942,126.9864571,30,경기도 화성시,031-5189-3139,화성서부경찰서,Y,,10,2020-06-01
01,장안면 독정1리 경로당,경기도,화성시,41590,경기도 화성시 장안면 포승장안로 1219,경기도 화성시 장안면 독정리 933-1번지,37.0675062,126.8474412,30,경기도 화성시,031-5189-3139,화성서부경찰서,Y,,12,2020-06-01
01,마도면 쌍송1리 경로당,경기도,화성시,41590,경기도 화성시 마도면 마도로 796-4,경기도 화성시 마도면 쌍송리 91-3번지,37.19187823,126.7896682,30,경기도 화성시,031-5189-3139,화성서부경찰서,Y,,10,2020-06-01
01,남양읍 문호1리 경로당,경기도,화성시,41590,경기도 화성시 남양읍 남양서로 616,경기도 화성시 남양읍 문호리 314-4번지,37.26242584,126.8032791,30,경기도 화성시,031-5189-3139,화성서부경찰서,Y,,12,2020-06-01
01,정남면 신3리 경로당,경기도,화성시,41590,경기도 화성시 정남면 신리길 43-4,경기도 화성시 정남면 신리 277-7번지,37.16413455,126.9752872,30,경기도 화성시,031-5189-3139,화성동탄경찰서,Y,,5,2020-06-01
01,팔탄면 노하2리 경로당,경기도,화성시,41590,경기도 화성시 팔탄면 노하길 290,경기도 화성시 팔탄면 노하리 569-2번지,37.1572795,126.8631307,30,경기도 화성시,031-5189-3139,화성서부경찰서,Y,,8,2020-06-01
01,팔탄면 노하1리 경로당,경기도,화성시,41590,경기도 화성시 팔탄면 동막길 25,경기도 화성시 팔탄면 노하리 135-2번지,37.15725157,126.8701893,30,경기도 화성시,031-5189-3139,화성서부경찰서,Y,,5~6,2020-06-01
01,남양읍 신외1리 경로당,경기도,화성시,41590,경기도 화성시 남양읍 남양로 1583,경기도 화성시 남양읍 신외리 464-2번지,37.27120864,126.8128843,30,경기도 화성시,031-5189-3139,화성서부경찰서,N,,8,2020-06-01
01,서신면 사곳리 경로당,경기도,화성시,41590,경기도 화성시 서신면 해운로 280,경기도 화성시 서신면 사곳리 267-1번지,37.15588144,126.7244206,30,경기도 화성시,031-5189-3139,화성서부경찰서,Y,,8,2020-06-01
01,송산면 육일1리 경로당,경기도,화성시,41590,경기도 화성시 송산면 사강로 57-1,경기도 화성시 송산면 육일리 146번지,37.20779913,126.7243426,30,경기도 화성시,031-5189-3139,화성서부경찰서,Y,,6~8,2020-06-01
01,정남면 문학4리 경로당,경기도,화성시,41590,경기도 화성시 정남면 문학로80번길 4,경기도 화성시 정남면 문학리 353번지,37.15088853,126.9726467,30,경기도 화성시,031-5189-3139,화성동탄경찰서,N,,13,2020-06-01
01,구문천2리 경로당,경기도,화성시,41590,경기도 화성시 향남읍 구문천2길 69,경기도 화성시 향남읍 구문천리 78-1번지,37.07622821,126.9066875,30,경기도 화성시,031-5189-3139,화성서부경찰서,Y,,6,2020-06-01
01,용포1리 경로당,경기도,화성시,41590,경기도 화성시 송산면 용포로 236,경기도 화성시 송산면 용포리 131번지,37.22923649,126.7577529,30,경기도 화성시,031-5189-3139,화성서부경찰서,Y,,7,2020-06-01
01,전곡3리 경로당,경기도,화성시,41590,경기도 화성시 서신면 전곡항로50번길 12-3,경기도 화성시 서신면 전곡리 802-1번지,37.18807862,126.6548612,30,경기도 화성시,031-5189-3139,화성서부경찰서,Y,,6,2020-06-01
01,화성실버하우스,경기도,화성시,41590,경기도 화성시 봉담읍 방골길 22,경기도 화성시 봉담읍 덕리 341번지,37.1620751,126.9332601,30,경기도 화성시,031-5189-3139,화성서부경찰서,Y,,6,2020-06-01
01,보통3리 경로당,경기도,화성시,41590,경기도 화성시 정남면 보통내길55번길 24,경기도 화성시 정남면 보통리 328-2번지,37.18188432,126.9721164,30,경기도 화성시,031-5189-3139,화성서부경찰서,Y,,4~6,2020-06-01
01,군포시노인복지관,경기도,군포시,41410,경기도 군포시 고산로 223,경기도 군포시 당동 887번지,37.34555278,126.9475348,30,군포시,031-390-0295,군포경찰서,N,0,12,2020-05-03
01,광정경로당,경기도,군포시,41410,경기도 군포시 산본로431번길 21,경기도 군포시 산본동 1112-4번지,37.36679734,126.9244544,30,군포시,031-390-0295,군포경찰서,Y,1,7,2020-05-03
01,군포시늘푸른노인복지관,경기도,군포시,41410,경기도 군포시 산본천로 101,경기도 군포시 산본동 1096번지,37.36425789,126.932815,50,군포시,031-390-0295,군포경찰서,N,0,21,2020-05-03
01,카네이션요양원,경기도,군포시,41410,경기도 군포시 이당로 107,경기도 군포시 당정동 990-8번지,37.34478545,126.9573628,50,군포시,031-390-0295,군포경찰서,N,0,14,2020-05-03
01,상신2리 경로당,경기도,화성시,41590,경기도 화성시 향남읍 장안로 895,경기도 화성시 향남읍 상신리 944번지,37.0949237,126.8945719,30,경기도 화성시,031-5189-3139,화성서부경찰서,Y,,7,2020-06-01
01,정남면 고지리 경로당,경기도,화성시,41590,경기도 화성시 정남면 고지3길 3,경기도 화성시 정남면 고지리 168-10번지,37.16419174,127.0075093,30,경기도 화성시,031-5189-3139,화성동탄경찰서,Y,,8,2020-06-01
01,남양읍 송림1리 경로당,경기도,화성시,41590,경기도 화성시 남양읍 송림로 89,경기도 화성시 남양읍 송림리 306번지,37.22323609,126.8233594,30,경기도 화성시,031-5189-3139,화성서부경찰서,Y,,9,2020-06-01
01,맥금12통 경로당,경기도,파주시,41480,경기도 파주시 장터고개길 17,경기도 파주시 맥금동 115-10번지,37.7730397,126.7325479,30,경기도 파주시,031-940-5835,파주경찰서,N,,5~20,2020-03-23
01,문지리 경로당,경기도,파주시,41480,경기도 파주시 탄현면 방촌로955번길 12-3,경기도 파주시 탄현면 문지리 209-1번지,37.82352299,126.726508,30,경기도 파주시,031-940-5836,파주경찰서,N,,10,2020-03-23
01,창만4리 경로당,경기도,파주시,41480,경기도 파주시 광탄면 만장산로 356,경기도 파주시 광탄면 창만리 193-4번지,37.7983584,126.873851,30,경기도 파주시,031-940-5808,파주경찰서,N,,10,2020-03-23
01,덕은5리 경로당,경기도,파주시,41480,경기도 파주시 월롱면 휴암로 194,경기도 파주시 월롱면 덕은리 417-1번지,37.80870185,126.7825299,30,경기도 파주시,031-940-5811,파주경찰서,N,,8,2020-03-23
01,영장2리 경로당,경기도,파주시,41480,경기도 파주시 광탄면 보광로 570,경기도 파주시 광탄면 영장리 101-6번지,37.7583423,126.9089791,30,경기도 파주시,031-940-5814,파주경찰서,N,,8,2020-03-23
01,상지석4리 경로당,경기도,파주시,41480,경기도 파주시 운정로 102,경기도 파주시 상지석동 560-11번지,37.72140263,126.7770604,30,경기도 파주시,031-940-5817,파주경찰서,N,,8,2020-03-23
01,송촌리 경로당,경기도,파주시,41480,경기도 파주시 소라지로 332,경기도 파주시 송촌동 225-11번지,37.7508432,126.6896864,30,경기도 파주시,031-940-5820,파주경찰서,Y,1,6,2020-03-23
01,운천2리 경로당,경기도,파주시,41480,경기도 파주시 문산읍 충의로 65,경기도 파주시 문산읍 운천리 271번지,37.88301228,126.7767513,30,경기도 파주시,031-940-5824,파주경찰서,N,,8,2020-03-23
01,가야2리 경로당,경기도,파주시,41480,경기도 파주시 법원읍 사임당로743번길 31-7,경기도 파주시 법원읍 가야리 171-4번지,37.850989,126.8628382,30,경기도 파주시,031-940-5826,파주경찰서,N,,10,2020-03-23
01,광명노인요양센터,경기도,광명시,41210,경기도 광명시 오리로 613,경기도 광명시 하안동 230번지,37.4554118,126.8781663,60,광명시청,02-2680-2576,광명경찰서,N,,,2020-07-15
01,광명노인종합복지관,경기도,광명시,41210,경기도 광명시 소하로 25,경기도 광명시 소하동 1291번지,37.45222183,126.8849707,30,광명시청,02-2680-2576,광명경찰서,N,,,2020-07-15
02,광명장애인종합복지관,경기도,광명시,41210,경기도 광명시 목감로 120,경기도 광명시 광명동 164-2번지,37.47892388,126.8466212,30,광명시청,02-2680-2576,광명경찰서,N,,,2020-07-15
01,대원3리 경로당,경기도,파주시,41480,경기도 파주시 조리읍 문원길 260-12,경기도 파주시 조리읍 대원리 253번지,37.7258346,126.813743,30,경기도 파주시,031-940-5834,파주경찰서,N,,10,2020-03-23
01,웅담2리 경로당,경기도,파주시,41480,경기도 파주시 법원읍 곰시길 186,경기도 파주시 법원읍 웅담리 320-8번지,37.9086461,126.897397,30,경기도 파주시,031-940-5837,파주경찰서,N,,10,2020-03-23
01,금파2리 경로당,경기도,파주시,41480,경기도 파주시 파평면 금마루4길 8,경기도 파주시 파평면 금파리 398-16번지,37.9303412,126.834838,30,경기도 파주시,031-940-5800,파주경찰서,N,,10,2020-03-23
01,발랑리 경로당,경기도,파주시,41480,경기도 파주시 광탄면 부흥로 402,경기도 파주시 광탄면 발랑리 469-8번지,37.803802,126.8916721,30,경기도 파주시,031-940-5793,파주경찰서,N,,8,2020-03-23
01,파주시 노인복지관,경기도,파주시,41480,경기도 파주시 가나무로 130,경기도 파주시 금릉동 428번지,37.753824,126.779851,30,경기도 파주시,031-940-5792,파주경찰서,Y,1,24,2020-03-23
01,덕천리 경로당,경기도,파주시,41480,경기도 파주시 파평면 청송로610번길 11,경기도 파주시 파평면 덕천리 111-44번지,37.94040503,126.876465,30,경기도 파주시,031-940-5802,파주경찰서,N,,10,2020-03-23
01,도내4리 경로당,경기도,파주시,41480,경기도 파주시 월롱면 외도감길 3,경기도 파주시 월롱면 도내리 258-1번지,37.7884935,126.8209531,30,경기도 파주시,031-940-5803,파주경찰서,N,,8,2020-03-23
01,성동리 경로당,경기도,파주시,41480,경기도 파주시 탄현면 새오리로 71,경기도 파주시 탄현면 성동리 82-5번지,37.7906387,126.685215,30,경기도 파주시,031-940-5804,파주경찰서,N,,7,2020-03-23
01,율포리 경로당,경기도,파주시,41480,경기도 파주시 적성면 율곡로2536번길 13,경기도 파주시 적성면 율포리 158-2번지,37.97792645,126.956767,30,경기도 파주시,031-940-5805,파주경찰서,Y,1,10,2020-03-23
01,낙하리 경로당,경기도,파주시,41480,경기도 파주시 탄현면 동오리길 143,경기도 파주시 탄현면 낙하리 221-6번지,37.8373428,126.737985,30,경기도 파주시,031-940-5806,파주경찰서,N,,6,2020-03-23
01,진인노인요양원,경기도,파주시,41480,경기도 파주시 파평면 청송로 386-29,경기도 파주시 파평면 눌노리 167-7번지,37.9298512,126.855616,30,경기도 파주시,031-940-5807,파주경찰서,N,,10,2020-03-23
01,부곡1리 경로당,경기도,파주시,41480,경기도 파주시 파주읍 정문로 696,경기도 파주시 파주읍 부곡리 340-2번지,37.81814449,126.819104,30,경기도 파주시,031-940-5809,파주경찰서,N,,10,2020-03-23
01,장곡2리 경로당,경기도,파주시,41480,경기도 파주시 조리읍 명봉산로 70,경기도 파주시 조리읍 장곡리 701번지,37.7343552,126.8429634,30,경기도 파주시,031-940-5810,파주경찰서,N,,8,2020-03-23
01,금파1리 경로당,경기도,파주시,41480,경기도 파주시 파평면 청송로 188,경기도 파주시 파평면 금파리 296-17번지,37.9213041,126.839893,30,경기도 파주시,031-940-5812,파주경찰서,N,,10,2020-03-23
01,기산1리 경로당,경기도,파주시,41480,경기도 파주시 광탄면 기산로177번길 35,경기도 파주시 광탄면 기산리 502-14번지,37.7760143,126.919476,30,경기도 파주시,031-940-5813,파주경찰서,N,,8,2020-03-23
01,마장3리 경로당,경기도,파주시,41480,경기도 파주시 광탄면 보광로920번길 7,경기도 파주시 광탄면 마장리 125-1번지,37.77721644,126.882338,30,경기도 파주시,031-940-5815,파주경찰서,N,,8,2020-03-23
01,작은안나의집,경기도,광주시,41610,경기도 광주시 도척면 도척로 882-9,경기도 광주시 도척면 유정리 579-1번지,37.2903212971,127.3087144880,30,경기도 광주시청,031-760-4497,광주경찰서,N,,6,2020-04-23
01,송정2통노인정,경기도,광주시,41610,경기도 광주시 중앙로 309,경기도 광주시 송정동 528-9번지,37.427208,127.257464,30,경기도 광주시청,031-760-4497,광주경찰서,N,,7,2020-04-23
01,송정2통 제2노인정,경기도,광주시,41610,경기도 광주시 중앙로346번길 8,경기도 광주시 송정동 406-13번지 효성베스트빌,37.429708,127.260064,30,경기도 광주시청,031-760-4497,광주경찰서,Y,,10,2020-04-23
01,지월5리 경로당,경기도,광주시,41610,경기도 광주시 초월읍 현산로 298,경기도 광주시 초월읍 지월리 596번지,37.413679,127.2906902382,30,경기도 광주시청,031-760-4497,광주경찰서,Y,,12,2020-04-23
01,하번천리 경로당,경기도,광주시,41610,경기도 광주시 남한산성면 은골길 1,경기도 광주시 남한산성면 하번천리 285-1번지,37.438087,127.279571,30,경기도 광주시청,031-760-4497,광주경찰서,Y,,7,2020-04-23
01,목리 옥토골 노인정,경기도,광주시,41610,경기도 광주시 광남안로129번길 5,경기도 광주시 목동 17-4번지,37.384645,127.215221,30,경기도 광주시청,031-760-4497,광주경찰서,N,,10,2020-04-23
01,양감면 대양4리 경로당,경기도,화성시,41590,경기도 화성시 양감면 윗생이길 6,경기도 화성시 양감면 대양리 509-4번지,37.08826179,126.9402681,30,경기도 화성시,031-5189-3139,화성서부경찰서,Y,,6,2020-06-01
02,가평군 장애인복지관,경기도,가평군,41820,경기도 가평군 가평읍 석봉로191번길 65-19,경기도 가평군 가평읍 읍내리 861번지,37.831132,127.501812,60,가평군,031-580-2297,가평경찰서,N,0,,2020-06-19
01,열린복지랜드 웰빙요양원,경기도,가평군,41820,경기도 가평군 설악면 유명로 1906-22,경기도 가평군 설악면 회곡리 6-2번지,37.681248,127.471765,60,가평군,031-580-2297,가평경찰서,N,0,,2020-06-19
01,신천1리 마을회관,경기도,가평군,41820,경기도 가평군 설악면 자잠로 11,경기도 가평군 설악면 신천리 472-7번지,37.679561,127.488789,30,가평군,031-580-2297,가평경찰서,N,0,,2020-06-19
01,두밀리 경로당(마을회관),경기도,가평군,41820,경기도 가평군 가평읍 태봉두밀로 422-5,경기도 가평군 가평읍 두밀리 44-6번지,37.816559,127.455989,30,가평군,031-580-2297,가평경찰서,N,0,,2020-06-19
01,고성리 경로당,경기도,가평군,41820,경기도 가평군 청평면 말래골길 6,경기도 가평군 청평면 고성리 437-1번지,37.716053,127.501209,60,가평군,031-580-2297,가평경찰서,N,0,,2020-06-19
01,이화리 경로당(마을회관),경기도,가평군,41820,경기도 가평군 가평읍 호반로 2302,경기도 가평군 가평읍 이화리 437번지,37.795608,127.511592,60,가평군,031-580-2297,가평경찰서,N,0,,2020-06-19
01,산유리 경로당(마을회관),경기도,가평군,41820,경기도 가평군 가평읍 호반로 1827,경기도 가평군 가평읍 산유리 209번지,37.756856,127.511678,60,가평군,031-580-2297,가평경찰서,N,0,,2020-06-19
01,우정읍 주곡1리 경로당,경기도,화성시,41590,경기도 화성시 우정읍 구슬2길 3,경기도 화성시 우정읍 주곡리 125-26번지,37.12588716,126.8172767,30,경기도 화성시,031-5189-3139,화성서부경찰서,Y,,6,2020-06-01
01,비봉면 청요2리 경로당,경기도,화성시,41590,경기도 화성시 비봉면 청요로 37,경기도 화성시 비봉면 청요리 222-3번지,37.20241032,126.8954098,30,경기도 화성시,031-5189-3139,화성서부경찰서,Y,,8~10,2020-06-01
01,남양읍 신외2리 경로당,경기도,화성시,41590,경기도 화성시 남양읍 남양로 1629,경기도 화성시 남양읍 신외리 270-4번지,37.27492553,126.8101915,30,경기도 화성시,031-5189-3139,화성서부경찰서,N,,8,2020-06-01
01,수원보훈요양원,경기도,수원시,41110,경기도 수원시 장안구 광교산로 95,경기도 수원시 장안구 하광교동 428번지,37.2983708,127.0259383,30,경기도 수원시,031-228-2298,수원중부경찰서,N,,25,2019-05-01
01,동산노인복지관,경기도,상록구,41271,경기도 안산시 상록구 석호공원로 8,경기도 안산시 상록구 사동 1584-1번지,37.301440,126.844187,30,경기도 안산시 상록구 경제교통과,031-481-5579,경기안산상록경찰서,Y,2,14,2019-03-15
01,상록노인복지회관,경기도,상록구,41271,경기도 안산시 상록구 고잔로 162,경기도 안산시 상록구 성포동 589번지,37.318487,126.844302,30,경기도 안산시 상록구 경제교통과,031-481-5579,경기안산상록경찰서,Y,3,14,2019-03-15
01,효누리주간보호센터,경기도,상록구,41271,경기도 안산시 상록구 성호로 303,경기도 안산시 상록구 부곡동 711번지,37.329489,126.858756,30,경기도 안산시 상록구 경제교통과,031-481-5579,경기안산상록경찰서,Y,2,14,2019-03-15
01,안산시립노인전문병원,경기도,상록구,41271,경기도 안산시 상록구 차돌배기로 24,경기도 안산시 상록구 사동 1586번지,37.299674,126.846538,30,경기도 안산시 상록구 경제교통과,031-481-5579,경기안산상록경찰서,Y,2,14,2019-03-15
02,안산 평화의 집,경기도,상록구,41271,경기도 안산시 상록구 고목로3길 8,경기도 안산시 상록구 본오동 982-7번지,37.283379,126.859906,30,경기도 안산시 상록구 경제교통과,031-481-5579,경기안산상록경찰서,Y,2,6.5,2019-03-15
02,빛과 둥지 비전센터 및  LN빛과둥지,경기도,상록구,41271,경기도 안산시 상록구 시낭공원안길 19,경기도 안산시 상록구 부곡동 714-11번지 22,37.336837,126.858433,30,경기도 안산시 상록구 경제교통과,031-481-5579,경기안산상록경찰서,Y,2,4.5,2019-03-15
02,안산시 상록 장애인 복지관,경기도,상록구,41271,경기도 안산시 상록구 차돌배기로 24,경기도 안산시 상록구 사동 1586번지,37.299666,126.846517,30,경기도 안산시 상록구 경제교통과,031-481-5579,경기안산상록경찰서,Y,2,14,2019-03-15
01,사랑의 선녀수녀회 평화의집,경기도,단원구,41273,경기도 안산시 단원구 평화길 8,경기도 안산시 단원구 고잔동 656-25번지,37.327580,126.819362,30,경기도 안산시 단원구 경제교통과,031-481-6295,경기안산단원경찰서,Y,1,8,2019-03-15
01,남동노인정,경기도,단원구,41273,경기도 안산시 단원구 대남로 137,경기도 안산시 단원구 대부남동 376-25번지,37.231084,126.582031,30,경기도 안산시 단원구 경제교통과,031-481-6295,경기안산단원경찰서,N,0,8,2019-03-15
01,홀곶경로당,경기도,단원구,41273,경기도 안산시 단원구 대남로 544,경기도 안산시 단원구 대부남동 775-1번지,37.232795,126.579623,30,경기도 안산시 단원구 경제교통과,031-481-6295,경기안산단원경찰서,N,0,8,2019-03-15
01,서안산노인전문병원,경기도,단원구,41273,경기도 안산시 단원구 원포공원로 54,경기도 안산시 단원구 초지동 742번지,37.303301,126.809893,30,경기도 안산시 단원구 경제교통과,031-481-6295,경기안산단원경찰서,N,0,8,2019-03-15
01,아너스요양병원,경기도,단원구,41273,경기도 안산시 단원구 원포공원로 54,경기도 안산시 단원구 초지동 742번지,37.303301,126.809893,30,경기도 안산시 단원구 경제교통과,031-481-6295,경기안산단원경찰서,N,0,8,2019-03-15
01,단원구노인복지관,경기도,단원구,41273,경기도 안산시 단원구 선부광장1로 134,경기도 안산시 단원구 선부동 1077-9번지,37.332086,126.810584,30,경기도 안산시 단원구 경제교통과,031-481-6295,경기안산단원경찰서,N,0,10,2019-03-15
02,안산시장애인종합복지관,경기도,단원구,41273,경기도 안산시 단원구 원초로 80,경기도 안산시 단원구 초지동 604-10번지,37.325950,126.806562,30,경기도 안산시 단원구 경제교통과,031-481-6295,경기안산단원경찰서,N,0,20,2019-03-15
02,아름다운 동행,경기도,단원구,41273,경기도 안산시 단원구 화정천동로6길 15-1,경기도 안산시 단원구 와동 793-17번지,37.346520,126.820638,30,경기도 안산시 단원구 경제교통과,031-481-6295,경기안산단원경찰서,N,0,15,2019-03-15
01,버드내노인복지관,경기도,수원시,41110,경기도 수원시 권선구 권선로564번길 36,경기도 수원시 권선구 세류동 483번지,37.2611020,127.0117898,30,경기도 수원시,031-228-2298,수원서부경찰서,Y,5,8,2019-05-01
01,SK청솔노인복지관,경기도,수원시,41110,경기도 수원시 장안구 장안로 174,경기도 수원시 장안구 정자동 286번지,37.2991354,126.9972891,60,경기도 수원시,031-228-2298,수원중부경찰서,Y,4,18~36,2019-05-01
01,서호노인복지관,경기도,수원시,41110,경기도 수원시 권선구 구운로4번길 34,경기도 수원시 권선구 구운동 501번지,37.2784961948,126.9761901497,60,경기도 수원시,031-228-2298,수원서부경찰서,Y,9,35,2019-05-01
01,수원시립노인전문요양원,경기도,수원시,41110,경기도 수원시 장안구 수일로 33,경기도 수원시 장안구 파장동 199-2번지,37.3124850,126.9953914,30,경기도 수원시,031-228-2298,수원중부경찰서,N,,9,2019-05-01
01,유당마을,경기도,수원시,41110,경기도 수원시 장안구 수일로191번길 26,경기도 수원시 장안구 조원동 119-3번지,37.3095552,127.0109619,30,경기도 수원시,031-228-2298,수원중부경찰서,N,,5~16,2019-05-01
01,아녜스의 집,경기도,수원시,41110,경기도 수원시 장안구 서부로 2162-12,경기도 수원시 장안구 천천동 575-1번지,37.3007690,126.9740530,30,경기도 수원시,031-228-2298,수원중부경찰서,N,,7,2019-05-01
01,연세실버벨리,경기도,수원시,41110,경기도 수원시 권선구 곡반정로 92,경기도 수원시 권선구 곡반정동 298-1번지,37.2363150668,127.0303508917,30,경기도 수원시,031-228-2298,수원남부경찰서,Y,4,6,2019-05-01
01,대한노인회영통구지회,경기도,수원시,41110,경기도 수원시 영통구 영통로 396,경기도 수원시 영통구 영통동 961-18번지,37.2568735,127.0695287,30,경기도 수원시,031-228-2298,수원남부경찰서,N,,16,2019-05-01
01,밤밭노인복지관,경기도,수원시,41110,경기도 수원시 장안구 상률로 53,경기도 수원시 장안구 율전동 40-1번지,37.3063842252,126.972107059,60,경기도 수원시,031-228-2298,수원중부경찰서,N,,10~35,2019-05-01
01,중앙요양원,경기도,수원시,41110,경기도 수원시 권선구 서수원로53번길 25-43,경기도 수원시 권선구 오목천동 1169번지,37.2315354,126.9789529,30,경기도 수원시,031-228-2298,수원서부경찰서,N,,19,2019-05-01
01,대한노인회수원시팔달구지회부설노인대학,경기도,수원시,41110,경기도 수원시 팔달구 수성로182번길 85,경기도 수원시 팔달구 화서동 277-2번지,37.2833733,126.9943678,30,경기도 수원시,031-228-2298,수원중부경찰서,N,,10~14,2019-05-01
01,연무사회복지관,경기도,수원시,41110,경기도 수원시 장안구 창룡대로151번길 8,경기도 수원시 장안구 연무동 260-34번지,37.2917600,127.0266439,30,경기도 수원시,031-228-2298,수원중부경찰서,Y,4,7,2019-05-01
01,영통사랑요양원,경기도,수원시,41110,경기도 수원시 영통구 영통로 115,경기도 수원시 영통구 망포동 558번지,37.2378655,127.0568529,60,경기도 수원시,031-228-2298,수원남부경찰서,N,,26,2019-05-01
01,영통종합요양센터,경기도,수원시,41110,경기도 수원시 영통구 태장로 62,경기도 수원시 영통구 망포동 651-1번지,37.2389238,127.0530641,30,경기도 수원시,031-228-2298,수원남부경찰서,Y,8,18,2019-05-01
02,장애인종합복지관,경기도,수원시,41110,경기도 수원시 영통구 창룡대로 255,경기도 수원시 영통구 이의동 1088-13번지,37.2955402,127.0360220,60,경기도 수원시,031-228-2298,수원중부경찰서,Y,1,28,2019-05-01
02,호매실장애인종합복지관,경기도,수원시,41110,경기도 수원시 권선구 호매실로 211,경기도 수원시 권선구 호매실동 1385번지,37.2633470,126.9568250,60,경기도 수원시,031-228-2298,수원서부경찰서,Y,1,22,2019-05-01
01,남부전원교회,경기도,평택시,41220,경기도 평택시 삼남로 530,경기도 평택시 지산동 73-1번지,37.0720602,127.0905881,60,경기도 평택시청,031-8024-4892,평택경찰서,N,,,2019-07-04
01,대반리다목적회관,경기도,평택시,41220,경기도 평택시 안중읍 대반5길 37,경기도 평택시 안중읍 대반리 578-1번지,36.979771,126.9581299,30,경기도 평택시청,031-8024-4892,평택경찰서,N,,7,2019-07-04
01,덕목사리다목적회관,경기도,평택시,41220,경기도 평택시 현덕면 덕목4길 18,경기도 평택시 현덕면 덕목리 485-3번지,36.949338,126.9565471,30,경기도 평택시청,031-8024-4892,평택경찰서,N,,6,2019-07-04
01,평택시노인전문요양원,경기도,평택시,41220,경기도 평택시 청북읍 건의길 4-13,경기도 평택시 청북읍 토진리 70-22번지,37.041348,126.9487807,60,경기도 평택시청,031-8024-4892,평택경찰서,N,,,2019-07-04
01,내리경로당,경기도,평택시,41220,경기도 평택시 팽성읍 내리길 105,경기도 평택시 팽성읍 내리 94-5번지,36.973509,127.0273234,30,경기도 평택시청,031-8024-4892,평택경찰서,N,,7,2019-07-04
01,정음요양원,경기도,평택시,41220,경기도 평택시 서정역로 48,경기도 평택시 서정동 311-3번지,37.058263,127.0553320,30,경기도 평택시청,031-8024-4892,평택경찰서,N,,6,2019-07-04
01,사랑채 노인복지회관,경기도,의왕시,41430,경기도 의왕시 복지로 109,경기도 의왕시 내손동 849-2번지,37.3875292,126.981612,30,의왕시,031-345-3314,의왕경찰서,Y,,12,2020-03-11
01,늘푸른요양원,경기도,평택시,41220,경기도 평택시 방여울로 91,경기도 평택시 가재동 40-5번지,37.043336,127.0927047,30,경기도 평택시청,031-8024-4892,평택경찰서,Y,1,,2019-07-04
01,사리다목적회관,경기도,평택시,41220,경기도 평택시 서탄면 사리안길 3-6,경기도 평택시 서탄면 사리 550-1번지,37.116291,127.0489505,30,경기도 평택시청,031-8024-4892,평택경찰서,Y,1,,2019-07-04
01,오성노인요양시설,경기도,평택시,41220,경기도 평택시 오성면 숙성1길 6,경기도 평택시 오성면 숙성리 183-2번지,37.009319,126.9852017,30,경기도 평택시청,031-8024-4892,평택경찰서,N,,6,2019-07-04
01,서부노인복지회관,경기도,평택시,41220,경기도 평택시 안중읍 안현로 400,경기도 평택시 안중읍 안중리 445-16번지,36.985703,126.9319394,30,경기도 평택시청,031-8024-4892,평택경찰서,N,,,2019-07-04
01,남부노인복지회관,경기도,평택시,41220,경기도 평택시 중앙1로56번길 25,경기도 평택시 비전동 631번지,36.9962526,127.0891929,30,경기도 평택시청,031-8024-4892,평택경찰서,Y,1,,2019-07-04
01,아름채 노인복지회관,경기도,의왕시,41430,경기도 의왕시 문화공원로 47,경기도 의왕시 고천동 100번지,37.342712,126.9725044,30,의왕시,031-345-3314,의왕경찰서,Y,,6,2020-03-11
01,북부노인복지회관,경기도,평택시,41220,경기도 평택시 서정역로 16,경기도 평택시 서정동 342번지,37.055521,127.0560428,30,경기도 평택시청,031-8024-4892,평택경찰서,Y,1,,2019-07-04
01,시흥시노인종합복지관,경기도,시흥시,41390,경기도 시흥시 장현능곡로 214,경기도 시흥시 능곡동 765번지,37.3686567,126.8133036,30,경기도 시흥시,031-310-3462,시흥경찰서,N,,,2019-01-28
01,엘림양로원,경기도,시흥시,41390,경기도 시흥시 도두머리길 2,경기도 시흥시 도창동 408-2번지,37.4092529,126.8145732,30,경기도 시흥시,031-310-3462,시흥경찰서,N,,,2019-01-28
01,도창2통 경로당,경기도,시흥시,41390,경기도 시흥시 매화로116번길 9,경기도 시흥시 도창동 343-1번지,37.4086290,126.8143571,30,경기도 시흥시,031-310-3462,시흥경찰서,N,,,2019-01-28
01,베다니마을노인전문요양원,경기도,시흥시,41390,경기도 시흥시 수인로3465번길 21,경기도 시흥시 신천동 586-40번지,37.4414461,126.7746385,30,경기도 시흥시,031-310-3462,시흥경찰서,N,,,2019-01-28
01,과림3통경로당,경기도,시흥시,41390,경기도 시흥시 금오로327번길 20,경기도 시흥시 과림동 635-1번지,37.4315208,126.834832,30,경기도 시흥시,031-310-3462,시흥경찰서,N,,,2019-01-28
01,오이도 경로당,경기도,시흥시,41390,경기도 시흥시 오이도1길 30,경기도 시흥시 정왕동 2040-1번지,37.3418498,126.690171,30,경기도 시흥시,031-310-3462,시흥경찰서,N,,,2019-01-28
01,하상1통 경로당,경기도,시흥시,41390,경기도 시흥시 하상로 14-9,경기도 시흥시 하상동 372번지,37.3918377,126.8138873,30,경기도 시흥시,031-310-3462,시흥경찰서,N,,,2019-01-28
01,대야12통 경로당,경기도,시흥시,41390,경기도 시흥시 복지로93번길 11,경기도 시흥시 대야동 444-13번지,37.4485485,126.7906163,30,경기도 시흥시,031-310-3462,시흥경찰서,N,,,2019-01-28
01,글라라의집,경기도,시흥시,41390,경기도 시흥시 동서로1051번안길 14,경기도 시흥시 조남동 174-27번지,37.3832145,126.8569319,0,경기도 시흥시,031-310-3462,시흥경찰서,N,,,2019-01-28
01,포동1통 경로당,경기도,시흥시,41390,경기도 시흥시 새우개2길 36,경기도 시흥시 포동 20-80번지,37.3814817,126.8754651,0,경기도 시흥시,031-310-3462,시흥경찰서,N,,,2019-01-28
02,수봉재활원,경기도,수원시,41110,경기도 수원시 권선구 수봉로 43,경기도 수원시 권선구 탑동 516-1번지,37.2649167,126.9769409,30,경기도 수원시,031-228-2298,수원서부경찰서,Y,2,7~8,2019-05-01
01,오도1리 경로당,경기도,파주시,41480,경기도 파주시 대골길 2,경기도 파주시 오도동 37-21번지,37.7484207,126.7285767,30,경기도 파주시,031-940-5818,파주경찰서,N,,6,2020-03-23
01,오도2리 경로당,경기도,파주시,41480,경기도 파주시 오도로130번길 8,경기도 파주시 오도동 280-1번지,37.7507098,126.718161,30,경기도 파주시,031-940-5819,파주경찰서,N,,5~6,2020-03-23
02,동현학교,경기도,광주시,41610,경기도 광주시 곤지암읍 광여로 555-55,경기도 광주시 곤지암읍 연곡리 81-3번지,37.3719531862,127.3951436043,30,경기도 광주시청,031-760-4497,광주경찰서,N,,4,2020-04-23
01,노인복지회관,경기도,광주시,41610,경기도 광주시 파발로 202,경기도 광주시 탄벌동 18-1번지,37.4169062857,127.249903,30,경기도 광주시청,031-760-4497,광주경찰서,Y,,20,2020-04-23
01,남양주시노인복지관 본관,경기도,남양주시,41360,경기도 남양주시 진건읍 진건오남로 359,경기도 남양주시 진건읍 송능리 109-17번지,37.673354,127.197468,50,남양주시청,031-590-2438,남양주경찰서,Y,1,22,2020-01-29
01,용미4리 경로당,경기도,파주시,41480,경기도 파주시 광탄면 장지산로 43,경기도 파주시 광탄면 용미리 186-9번지,37.7404357,126.8863006,30,경기도 파주시,031-940-5816,파주경찰서,N,,8,2020-03-23
01,상신5리 경로당,경기도,화성시,41590,경기도 화성시 향남읍 칼바위길83번길 6,경기도 화성시 향남읍 상신리 1229-2번지,37.09581495,126.8843233,30,경기도 화성시,031-5189-3139,화성서부경찰서,Y,,7,2020-06-01
01,신흥전문요양원,경기도,동두천시,41250,경기도 동두천시 강변로702번길 13-11,경기도 동두천시 동두천동 539-2번지,37.92954695,127.05029776,30,동두천시 교통행정과,031-860-2291,동두천경찰서,N,0,9,2020-08-24
01,동두천시노인복지관,경기도,동두천시,41250,경기도 동두천시 동두천로 264,경기도 동두천시 생연동 643-3번지,37.90516838,127.05621211,30,동두천시 교통행정과,031-860-2291,동두천경찰서,N,0,5,2020-08-24
01,우리들요양병원,경기도,동두천시,41250,경기도 동두천시 삼육사로 747,경기도 동두천시 상패동 201-19번지,37.90816013,127.03630124,50,동두천시 교통행정과,031-860-2291,동두천경찰서,N,0,12,2020-08-24
02,동두천장애인복지관,경기도,동두천시,41250,경기도 동두천시 상패로 64,경기도 동두천시 상패동 54번지,37.90723333,127.04810843,30,동두천시 교통행정과,031-860-2291,동두천경찰서,N,0,12,2020-08-24
01,장림경로당,경기도,동두천시,41250,경기도 동두천시 천보산로 421,경기도 동두천시 탑동동 577-1번지,37.87379531,127.10628897,50,동두천시 교통행정과,031-860-2291,동두천경찰서,N,0,8,2020-08-24
01,수원VIP 실버케어,경기도,수원시,41110,경기도 수원시 팔달구 팔달로 24,경기도 수원시 팔달구 고등동 235-4번지,37.2709068,127.0010732,60,경기도 수원시,031-228-2298,수원서부경찰서,Y,3,18,2019-05-01
01,광교노인복지관,경기도,수원시,41110,경기도 수원시 영통구 센트럴타운로 22,경기도 수원시 영통구 이의동 1328-1번지,37.2896903191,127.0567253659,30,경기도 수원시,031-228-2298,수원남부경찰서,Y,1,17,2019-05-01
01,노인복지시설감천장,경기도,수원시,41110,경기도 수원시 장안구 광교산로 22,경기도 수원시 장안구 영화동 33-1번지,37.2935098,127.0213802,30,경기도 수원시,031-228-2298,수원중부경찰서,N,,11,2019-05-01
01,대한노인회수원시장안구지회부설노인대학,경기도,수원시,41110,경기도 수원시 장안구 수성로340번길 30,경기도 수원시 장안구 영화동 352번지,37.2910308,127.0096695,30,경기도 수원시,031-228-2298,수원중부경찰서,N,,6~7,2019-05-01
01,파장동경로당,경기도,수원시,41110,경기도 수원시 장안구 파장천로 51,경기도 수원시 장안구 파장동 507-9번지,37.3098952,126.9962381,30,경기도 수원시,031-228-2298,수원중부경찰서,Y,5,8~10,2019-05-01
01,신곡경로당,경기도,수원시,41110,경기도 수원시 권선구 경수대로191번길 14-4,경기도 수원시 권선구 세류동 1155-2번지,37.2445605466,127.016689625,30,경기도 수원시,031-228-2298,수원남부경찰서,Y,5,6,2019-05-01
02,오목천동 장애인 주간보호시설,경기도,수원시,41110,경기도 수원시 권선구 서수원로 124,경기도 수원시 권선구 오목천동 197번지,37.2388249,126.9722491,30,경기도 수원시,031-228-2298,수원서부경찰서,N,,15,2019-05-01
01,물골안어르신학교,경기도,남양주시,41360,경기도 남양주시 수동면 지둔로 7-2,경기도 남양주시 수동면 운수리 95-39번지,37.704698,127.324413,30,남양주시청,031-590-2438,남양주경찰서,Y,1,6,2020-01-29
01,남양주시노인복지관분관 행복공간,경기도,남양주시,41360,경기도 남양주시 진접읍 해밀예당1로236번길 23,경기도 남양주시 진접읍 금곡리 1118번지,37.718959,127.205074,30,남양주시청,031-590-2438,남양주경찰서,N,0,12,2020-01-29
01,광주시노인복지관 오포센터,경기도,광주시,41610,경기도 광주시 오포읍 오포로 885,경기도 광주시 오포읍 고산리 253-3번지,37.369255,127.231214,30,경기도 광주시청,031-760-4497,광주경찰서,N,,13,2020-04-23
01,송산노인복지회관,경기도,의정부시,41150,경기도 의정부시 용민로 99,경기도 의정부시 민락동 736-2번지,37.7388894263,127.0887653,30,경기도 의정부시,031-828-4843,의정부경찰서,N,,,2019-12-01
01,의정부노인복지관,경기도,의정부시,41150,경기도 의정부시 경의로85번길 16-12,경기도 의정부시 의정부동 580-3번지,37.73367211,127.0456047,30,경기도 의정부시,031-828-4843,의정부경찰서,N,,,2019-12-01
01,대한노인회의정부지회,경기도,의정부시,41150,경기도 의정부시 태평로74번길 23-11,경기도 의정부시 의정부동 30-6번지,37.73963395,127.0530733,30,경기도 의정부시,031-828-4843,의정부경찰서,N,,,2019-12-01
01,나눔의 샘,경기도,의정부시,41150,경기도 의정부시 오목로 134,경기도 의정부시 민락동 543번지,37.7392213,127.0946501,30,경기도 의정부시,031-828-4843,의정부경찰서,N,,,2019-12-01
01,신곡노인종합복지관,경기도,의정부시,41150,경기도 의정부시 금신로297번길 38,경기도 의정부시 신곡동 129번지,37.74318625,127.0635237,30,경기도 의정부시,031-828-4843,의정부경찰서,N,,,2019-12-01
01,김포시 노인복지회관,경기도,김포시,41570,경기도 김포시 사우중로74번길 48,경기도 김포시 사우동 865번지,37.62223641,126.7226196,30,경기도 김포시,031-980-2327,김포경찰서,Y,,,2020-05-11
01,김포재가노인지원센터,경기도,김포시,41570,경기도 김포시 월곶면 김포대로 2857-39,경기도 김포시 월곶면 포내리 168-2번지,37.71745774,126.5359521,30,경기도 김포시,031-980-2327,김포경찰서,N,,,2020-05-11
01,양촌읍 노인복지회관,경기도,김포시,41570,경기도 김포시 양촌읍 양곡1로68번길 37,경기도 김포시 양촌읍 양곡리 1554번지,37.65687333,126.6256177,30,경기도 김포시,031-980-2327,김포경찰서,N,,,2020-05-11
01,갈산3리 경로당,경기도,김포시,41570,경기도 김포시 월곶면 오리정로 107-25,경기도 김포시 월곶면 갈산리 518-11번지,37.70380992,126.5597977,30,경기도 김포시,031-980-2327,김포경찰서,N,,,2020-05-11
01,고막리 마을회관,경기도,김포시,41570,경기도 김포시 월곶면 김포대학로 232,경기도 김포시 월곶면 고막리 305번지,37.72531201,126.5577128,30,경기도 김포시,031-980-2327,김포경찰서,N,,,2020-05-11
02,해맑은마음터,경기도,김포시,41570,경기도 김포시 대곶면 율생중앙로 89,경기도 김포시 대곶면 율생리 472-5번지,37.6552084,126.5801928,30,경기도 김포시,031-980-2327,김포경찰서,N,,,2020-05-11
01,쇄암리 마을회관,경기도,김포시,41570,경기도 김포시 대곶면 쇄암로117번길 6,경기도 김포시 대곶면 쇄암리 288번지,37.6781575968,126.5417885499,30,경기도 김포시,031-980-2329,김포경찰서,N,,,2020-05-11
01,춘궁동노인복지회관,경기도,하남시,41450,경기도 하남시 서하남로 488,경기도 하남시 춘궁동 334-1번지,37.522093,127.193954,30,하남시청,031-790-5047,하남경찰서,Y,4,25,2020-05-18
01,여성노인회관,경기도,구리시,41310,경기도 구리시 건원대로34번길 32-20,경기도 구리시 인창동 673-5번지,37.6033871,127.141813,30,경기도 구리시,031-550-2702,구리경찰서,Y,2,,2020-09-14
01,배탈고개경로당,경기도,구리시,41310,경기도 구리시 동구릉로 48,경기도 구리시 인창동 575-18번지,37.6043521,127.133715,50,경기도 구리시,031-550-2702,구리경찰서,Y,1,,2020-09-14
01,비암2리장수마을회관,경기도,양주시,41630,경기도 양주시 광적면 부흥로21번길 5,경기도 양주시 광적면 비암리 743-5번지,37.80557267,126.9126952,30,경기도 양주시 도로과,031-8082-6736,양주경찰서,Y,1,6,2020-09-01
01,삼하리마을회관,경기도,양주시,41630,경기도 양주시 장흥면 일영로 375,경기도 양주시 장흥면 삼하리 107-1번지,37.67808908,126.9228748,50,경기도 양주시 도로과,031-8082-6736,양주경찰서,Y,1,14,2020-09-01
01,선암1리마을회관,경기도,양주시,41630,경기도 양주시 은현면 은현로 46,경기도 양주시 은현면 선암리 511-1번지,37.87313096,127.0236862,30,경기도 양주시 도로과,031-8082-6736,양주경찰서,Y,1,14,2020-09-01
01,광적노인회,경기도,양주시,41630,경기도 양주시 광적면 가래비길 114,경기도 양주시 광적면 가납리 850-4번지,37.82524485,126.9842027,30,경기도 양주시 도로과,031-8082-6736,양주경찰서,Y,1,8,2020-09-01
01,홍죽2리마을회관,경기도,양주시,41630,경기도 양주시 백석읍 월암로 82,경기도 양주시 백석읍 홍죽리 416-27번지,37.8016975,126.956125,30,경기도 양주시 도로과,031-8082-6736,양주경찰서,Y,1,6,2020-09-01
01,양주노블케어요양원,경기도,양주시,41630,경기도 양주시 은현면 화합로969번길 185-105,경기도 양주시 은현면 용암리 640번지,37.86857971,127.0364455,30,경기도 양주시 도로과,031-8082-6736,양주경찰서,N,0,4,2020-09-01
01,방성1리마을회관,경기도,양주시,41630,경기도 양주시 백석읍 고릉말로 50,경기도 양주시 백석읍 방성리 238번지,37.80056325,126.9995776,50,경기도 양주시 도로과,031-8082-6736,양주경찰서,Y,3,14,2020-09-01
01,가업1리 경로당,경기도,양주시,41630,경기도 양주시 백석읍 양주산성로 760,경기도 양주시 백석읍 가업리 249번지,37.78719341,126.9726221,30,경기도 양주시 도로과,031-8082-6736,양주경찰서,N,0,6,2020-09-01
01,하패1리 경로당,경기도,양주시,41630,경기도 양주시 은현면 운하로433번길 11,경기도 양주시 은현면 하패리 349번지,37.88834652,127.0364052,30,경기도 양주시 도로과,031-8082-6736,양주경찰서,Y,1,5,2020-09-01
01,도하1리 할아버지 경로당,경기도,양주시,41630,경기도 양주시 은현면 그루고개로 490,경기도 양주시 은현면 도하리 129-3번지,37.85265215,127.0135351,30,경기도 양주시 도로과,031-8082-6736,양주경찰서,Y,1,6,2020-09-01
01,도하1리 할머니 경로당,경기도,양주시,41630,경기도 양주시 은현면 그루고개로 490,경기도 양주시 은현면 도하리 129-3번지,37.85265215,127.0135351,30,경기도 양주시 도로과,031-8082-6736,양주경찰서,Y,1,6,2020-09-01
01,남방4통마을회관,경기도,양주시,41630,경기도 양주시 외미로20번길 27,경기도 양주시 남방동 206-43번지,37.76781242,127.0433038,30,경기도 양주시 도로과,031-8082-6736,양주경찰서,N,0,6,2020-09-01
02,나루터공동체,경기도,양주시,41630,경기도 양주시 삼숭로134번길 49,경기도 양주시 삼숭동 395-2번지,37.8064875,127.0996197,30,경기도 양주시 도로과,031-8082-6736,양주경찰서,N,0,3,2020-09-01
01,참좋은이웃 노인요양공동생활가정,경기도,양주시,41630,경기도 양주시 백석읍 양주산성로800번길 87-15,경기도 양주시 백석읍 가업리 520-1번지,37.79354662,126.9710575,30,경기도 양주시 도로과,031-8082-6736,양주경찰서,N,0,6,2020-09-01
01,양평종합사회복지관,경기도,양평군,41830,경기도 양평군 용문면 용문역길 67,경기도 양평군 용문면 다문리 793-8번지,37.48055357,127.5893034,30,양평군청,031-770-3755,양평경찰서,Y,1,12,2020-10-19
01,덕양노인종합복지회관,경기도,고양시,41280,경기도 고양시 덕양구 어울림로 49,경기도 고양시 덕양구 화정동 846번지,37.64849256,126.8368591,50,경기도 고양시,031-8075-2967,고양경찰서,Y,1,,2020-07-06
01,일산노인종합복지회관,경기도,고양시,41280,경기도 고양시 일산동구 호수로 731,경기도 고양시 일산동구 장항동 906번지,37.66444643,126.7604431,30,경기도 고양시,031-8075-2967,일산동부경찰서,N,,,2020-07-06
01,대화노인종합복지회관,경기도,고양시,41280,경기도 고양시 일산서구 일산로 778,경기도 고양시 일산서구 대화동 2237번지,37.67447576,126.7481596,30,경기도 고양시,031-8075-2967,일산서부경찰서,N,,,2020-07-06
01,문촌9종합사회복지관,경기도,고양시,41280,경기도 고양시 일산서구 주엽로 156,경기도 고양시 일산서구 주엽동 23번지 문촌마을9단지아파트,37.67221593,126.7601778,30,경기도 고양시,031-8075-2967,일산서부경찰서,N,,,2020-07-06
01,약암1리 경로당,경기도,김포시,41570,경기도 김포시 대곶면 약암로948번길 10,경기도 김포시 대곶면 약암리 503-3번지,37.6385175496,126.5538106044,30,경기도 김포시,031-980-2328,김포경찰서,N,,,2020-05-11
02,장애인복지관,경기도,하남시,41450,경기도 하남시 미사강변남로 56,경기도 하남시 풍산동 산58-5번지,37.559878,127.187736,60,하남시청,031-790-5047,하남경찰서,Y,5,35,2020-05-18
02,박애원,경기도,고양시,41280,경기도 고양시 일산동구 상지석길 441,경기도 고양시 일산동구 설문동 701-1번지,37.72682286,126.7949393,30,경기도 고양시,031-8075-2967,일산동부경찰서,N,,,2020-07-06
01,노인종합 복지회관,경기도,이천시,41500,경기도 이천시 남천로 31,경기도 이천시 중리동 187번지,37.2782607965,127.4410592603,30,경기도 이천시,033-460-2214,이천경찰서,N,0,7.5,2020-07-14
01,이천시 배드민턴장,경기도,이천시,41500,경기도 이천시 설봉로81번길 49,경기도 이천시 창전동 502번지,37.2875839768,127.4354075072,30,경기도 이천시,033-460-2214,이천경찰서,N,0,7,2020-07-14
01,관고3동 경로당,경기도,이천시,41500,경기도 이천시 경충대로2700번길 17,경기도 이천시 관고동 280-41번지,37.2792140725,127.4357110931,30,경기도 이천시,033-460-2214,이천경찰서,N,0,6.5,2020-07-14
01,에이스 경로당,경기도,이천시,41500,경기도 이천시 영창로 293,경기도 이천시 안흥동 353-13번지,37.2811992868,127.4550451774,30,경기도 이천시,033-460-2214,이천경찰서,N,0,15,2020-07-14
01,대대리 마을회관,경기도,이천시,41500,경기도 이천시 대월면 대산로15번길 10,경기도 이천시 대월면 대대리 418-1번지,37.2232199097,127.4769024113,30,경기도 이천시,033-460-2215,이천경찰서,N,0,8,2020-07-14
01,오산 노인전문병원,경기도,오산시,41370,경기도 오산시 가장산업동로 69-27,경기도 오산시 궐동 543번지,37.16503394,127.0441077,30,경기도 오산시,031-8036-7735,오산경찰서,N,0,5,2020-05-28
02,남부종합사회복지관,경기도,오산시,41370,경기도 오산시 오산로132번길 28-5,경기도 오산시 원동 404-10번지,37.13856495,127.072363,30,경기도 오산시,031-8036-7735,오산경찰서,N,0,6~14,2020-05-28

